CodeEH,ordreabseh,ordrereleh,niveaueh,libelleeh,incluseh,etateh,natureeh,milieueh,themeeh,origineeh,Shape_Leng,Shape_Area,AVERTISSEM
139AM01,34000,21,3,Dalle nacrée du Callovien inférieur et calcaires marneux et oolitiques du Bathonien supérieur à l'est du Bassin Parisien,139AM,"3","5","2","2","1",1787940.75057999999,406101507.78200000525,Extraction selon les limites de la région HDF (source: ADMIN EXPRESS de l'IGN / édition janvier 2022)
139AM01,34000,20,3,Dalle nacrée du Callovien inférieur et calcaires marneux et oolitiques du Bathonien supérieur à l'est du Bassin Parisien,139AM,"3","5","2","2","1",1549370.05101000005,306505915.81000000238,Extraction selon les limites de la région HDF (source: ADMIN EXPRESS de l'IGN / édition janvier 2022)
139AP99,37500,23,3,Calcaires du Bajocien du Bassin Parisien,139AP,"3","5","4","2","1",1971576.38507999992,384969316.98600000143,Extraction selon les limites de la région HDF (source: ADMIN EXPRESS de l'IGN / édition janvier 2022)
139AM05,34200,22,3,Marnes et caillasses à Rhynchonelles du Bathonien-Callovien à l’est du Bassin Parisien,139AM,"3","6","2","2","1",1486439.77862000000,344309377.20499998331,Extraction selon les limites de la région HDF (source: ADMIN EXPRESS de l'IGN / édition janvier 2022)
139AM05,34200,21,3,Marnes et caillasses à Rhynchonelles du Bathonien-Callovien à l’est du Bassin Parisien,139AM,"3","6","2","2","1",1232661.39681999991,268161549.79399999976,Extraction selon les limites de la région HDF (source: ADMIN EXPRESS de l'IGN / édition janvier 2022)
131AA97,30030,16,3,Calcaires du Tithonien inférieur du Bassin Parisien,131AA,"3","5","2","2","1",2421083.16272999998,404914416.02700001001,Extraction selon les limites de la région HDF (source: ADMIN EXPRESS de l'IGN / édition janvier 2022)
131AA97,30030,14,3,Calcaires du Tithonien inférieur du Bassin Parisien,131AA,"3","5","2","2","1",2991032.00515000010,608386070.33899998665,Extraction selon les limites de la région HDF (source: ADMIN EXPRESS de l'IGN / édition janvier 2022)
131AA97,30030,15,3,Calcaires du Tithonien inférieur du Bassin Parisien,131AA,"3","5","2","2","1",2709156.88963000011,633270361.15400004387,Extraction selon les limites de la région HDF (source: ADMIN EXPRESS de l'IGN / édition janvier 2022)
113AQ37,12050,2,3,Sables glauconnieux du Lutétien du bassin de l'Oise aval,113AQ,"3","5","4","2","1",1060344.38069000002,524963903.71299999952,Extraction selon les limites de la région HDF (source: ADMIN EXPRESS de l'IGN / édition janvier 2022)
113AQ37,12050,3,3,Sables glauconnieux du Lutétien du bassin de l'Oise aval,113AQ,"3","5","4","2","1",315177.50875199999,92574208.07619999349,Extraction selon les limites de la région HDF (source: ADMIN EXPRESS de l'IGN / édition janvier 2022)
127AG05,28930,15,3,"Sables et argiles du Wealdien (Néocomien), sables blancs, grès ferrugineux et marnes du Valanginien calcaires marneux (Hauterivien) du Bassin Parisien",127AG,"3","6","1","2","1",2697831.53885000013,698864547.21700000763,Extraction selon les limites de la région HDF (source: ADMIN EXPRESS de l'IGN / édition janvier 2022)
127AG05,28930,13,3,"Sables et argiles du Wealdien (Néocomien), sables blancs, grès ferrugineux et marnes du Valanginien calcaires marneux (Hauterivien) du Bassin Parisien",127AG,"3","6","1","2","1",2742750.45510999998,715695380.97300004959,Extraction selon les limites de la région HDF (source: ADMIN EXPRESS de l'IGN / édition janvier 2022)
127AG05,28930,14,3,"Sables et argiles du Wealdien (Néocomien), sables blancs, grès ferrugineux et marnes du Valanginien calcaires marneux (Hauterivien) du Bassin Parisien",127AG,"3","6","1","2","1",2551304.75356000010,449186303.30000001192,Extraction selon les limites de la région HDF (source: ADMIN EXPRESS de l'IGN / édition janvier 2022)
141AG05,41120,26,3,"Calcaires, grès, calcaires argileux et argiles de l'Hettangien-Sinémurien (Lias inf.) du Bassin Parisien",141AG,"3","5","4","2","1",2579152.89998000022,399338383.95200002193,Extraction selon les limites de la région HDF (source: ADMIN EXPRESS de l'IGN / édition janvier 2022)
113AQ27,12000,2,3,Calcaires grossiers du Lutétien du bassin de l'Oise aval,113AQ,"3","5","4","2","1",407271.63874600001,113989792.77599999309,Extraction selon les limites de la région HDF (source: ADMIN EXPRESS de l'IGN / édition janvier 2022)
113AQ27,12000,1,3,Calcaires grossiers du Lutétien du bassin de l'Oise aval,113AQ,"3","5","4","2","1",1120765.96102000005,538200455.87699997425,Extraction selon les limites de la région HDF (source: ADMIN EXPRESS de l'IGN / édition janvier 2022)
113AQ27,12000,3,3,Calcaires grossiers du Lutétien du bassin de l'Oise aval,113AQ,"3","5","4","2","1",541869.34977600002,274004045.32300001383,Extraction selon les limites de la région HDF (source: ADMIN EXPRESS de l'IGN / édition janvier 2022)
121AP03,18801,8,3,"Craie du Sénonien au Turonien inférieur, partie sous recouvrement au centre du Bassin Parisien (bassin Seine-Normandie et bassin Loire-Bretagne)",121AP,"1","6","4","2","1",3973482.20259999996,797554015.74600005150,Extraction selon les limites de la région HDF (source: ADMIN EXPRESS de l'IGN / édition janvier 2022)
121AP03,18801,10,3,"Craie du Sénonien au Turonien inférieur, partie sous recouvrement au centre du Bassin Parisien (bassin Seine-Normandie et bassin Loire-Bretagne)",121AP,"1","6","4","2","1",2677703.22401000001,823441536.88699996471,Extraction selon les limites de la région HDF (source: ADMIN EXPRESS de l'IGN / édition janvier 2022)
121AP03,18801,9,3,"Craie du Sénonien au Turonien inférieur, partie sous recouvrement au centre du Bassin Parisien (bassin Seine-Normandie et bassin Loire-Bretagne)",121AP,"1","6","4","2","1",3621982.17792999977,604350237.38499999046,Extraction selon les limites de la région HDF (source: ADMIN EXPRESS de l'IGN / édition janvier 2022)
143AB99,41450,28,3,Grès et argiles indifférenciés du Rhétien (Trias sup.) du Bassin Parisien et de ses bordures,143AB,"3","6","1","2","1",1224604.02933000005,227273661.76199999452,Extraction selon les limites de la région HDF (source: ADMIN EXPRESS de l'IGN / édition janvier 2022)
133AA99,31000,15,3,Marnes indifférenciées du Kimméridgien du Bassin Parisien,133AA,X,"7","1","2","1",2991032.00515000010,608386070.33899998665,Extraction selon les limites de la région HDF (source: ADMIN EXPRESS de l'IGN / édition janvier 2022)
133AA99,31000,16,3,Marnes indifférenciées du Kimméridgien du Bassin Parisien,133AA,X,"7","1","2","1",2709156.88963000011,633270361.15400004387,Extraction selon les limites de la région HDF (source: ADMIN EXPRESS de l'IGN / édition janvier 2022)
133AA99,31000,17,3,Marnes indifférenciées du Kimméridgien du Bassin Parisien,133AA,X,"7","1","2","1",2421083.16272999998,404914416.02700001001,Extraction selon les limites de la région HDF (source: ADMIN EXPRESS de l'IGN / édition janvier 2022)
141AC01,39500,25,3,"Grès médioliasique du Domérien, grès et calcaire gréseux et marnes du Pliensbachien du Bassin Parisien",141AC,"3","6","1","2","1",1971576.38507999992,384969316.98600000143,Extraction selon les limites de la région HDF (source: ADMIN EXPRESS de l'IGN / édition janvier 2022)
113AT03,13000,5,3,Argiles de Laon semi-perméables de l'Yprésien sup. du Bassin Parisien (bassin Seine-Normandie),113AT,X,"6","1","2","1",2093700.33651999990,583062178.68599998951,Extraction selon les limites de la région HDF (source: ADMIN EXPRESS de l'IGN / édition janvier 2022)
113AT03,13000,3,3,Argiles de Laon semi-perméables de l'Yprésien sup. du Bassin Parisien (bassin Seine-Normandie),113AT,X,"6","1","2","1",3680055.30983000016,852995245.33599996567,Extraction selon les limites de la région HDF (source: ADMIN EXPRESS de l'IGN / édition janvier 2022)
113AT03,13000,4,3,Argiles de Laon semi-perméables de l'Yprésien sup. du Bassin Parisien (bassin Seine-Normandie),113AT,X,"6","1","2","1",2307047.74948000023,508956281.86199998856,Extraction selon les limites de la région HDF (source: ADMIN EXPRESS de l'IGN / édition janvier 2022)
135AA59,31850,17,3,Sables et grès de l'Oxfordien supérieur du Bassin Parisien,135AA,"3","5","1","2","1",2059212.75203000009,418158439.14300000668,Extraction selon les limites de la région HDF (source: ADMIN EXPRESS de l'IGN / édition janvier 2022)
135AA59,31850,18,3,Sables et grès de l'Oxfordien supérieur du Bassin Parisien,135AA,"3","5","1","2","1",1420048.21773999999,440520219.94499999285,Extraction selon les limites de la région HDF (source: ADMIN EXPRESS de l'IGN / édition janvier 2022)
135AA61,31900,19,3,Calcaire corallien de l'Oxfordien moyen à supérieur du Bassin Parisien,135AA,"3","5","5","2","1",2902627.24538000021,651767318.27999997139,Extraction selon les limites de la région HDF (source: ADMIN EXPRESS de l'IGN / édition janvier 2022)
135AA61,31900,18,3,Calcaire corallien de l'Oxfordien moyen à supérieur du Bassin Parisien,135AA,"3","5","5","2","1",3220099.82409999985,555677274.11199998856,Extraction selon les limites de la région HDF (source: ADMIN EXPRESS de l'IGN / édition janvier 2022)
127AA99,26900,13,3,Sables indifférenciés et argiles de l'Apto-Albien du Bassin Parisien,127AA,"3","5","1","2","1",4023483.39449999994,887646512.40999996662,Extraction selon les limites de la région HDF (source: ADMIN EXPRESS de l'IGN / édition janvier 2022)
127AA99,26900,12,3,Sables indifférenciés et argiles de l'Apto-Albien du Bassin Parisien,127AA,"3","5","1","2","1",3944071.66648000013,581810598.17599999905,Extraction selon les limites de la région HDF (source: ADMIN EXPRESS de l'IGN / édition janvier 2022)
127AA99,26900,11,3,Sables indifférenciés et argiles de l'Apto-Albien du Bassin Parisien,127AA,"3","5","1","2","1",3192617.91409000009,720991903.44299995899,Extraction selon les limites de la région HDF (source: ADMIN EXPRESS de l'IGN / édition janvier 2022)
113AO01,11000,2,3,"Marnes et caillasses du Lutétien sup. du Bassin Parisien, contenant localement du gypse",113AO,X,"6","4","2","1",2130848.13032000000,675982119.61399996281,Extraction selon les limites de la région HDF (source: ADMIN EXPRESS de l'IGN / édition janvier 2022)
113AO01,11000,1,3,"Marnes et caillasses du Lutétien sup. du Bassin Parisien, contenant localement du gypse",113AO,X,"6","4","2","1",2962965.80184999993,621595607.34099996090,Extraction selon les limites de la région HDF (source: ADMIN EXPRESS de l'IGN / édition janvier 2022)
119AE15,16809,7,3,"Formations résiduelles à silex, couverture Cénozoïque au centre du Bassin Parisien",119AE,X,"6","1","2","1",2203314.41555000003,679109677.62800002098,Extraction selon les limites de la région HDF (source: ADMIN EXPRESS de l'IGN / édition janvier 2022)
119AE15,16809,8,3,"Formations résiduelles à silex, couverture Cénozoïque au centre du Bassin Parisien",119AE,X,"6","1","2","1",2232896.94470999995,432705789.42600005865,Extraction selon les limites de la région HDF (source: ADMIN EXPRESS de l'IGN / édition janvier 2022)
119AE15,16809,9,3,"Formations résiduelles à silex, couverture Cénozoïque au centre du Bassin Parisien",119AE,X,"6","1","2","1",1795695.29291999992,629476684.89800000191,Extraction selon les limites de la région HDF (source: ADMIN EXPRESS de l'IGN / édition janvier 2022)
141AB99,38900,24,3,Marnes du Toarcien (Lias sup.) du Bassin Parisien,141AB,X,"7","1","2","1",1422394.13327000011,307526414.42400002480,Extraction selon les limites de la région HDF (source: ADMIN EXPRESS de l'IGN / édition janvier 2022)
113AK05,10020,1,3,"Sables du Marinésien (sables de Mortefontaine, Calcaire de Ducy, Sables d'Ezanville ) et de l'Auversien (Sables de BeauChamps, d'Auvers) du Bassin Parisien",113AK,"3","6","1","2","1",2135816.49213000014,680497673.76100003719,Extraction selon les limites de la région HDF (source: ADMIN EXPRESS de l'IGN / édition janvier 2022)
143AD99,41440,27,3,Argiles et grès indifférenciés du Keuper (Trias supérieur) à l’ouest et au sud du Bassin Parisien,143AD,"3","5","1","2","1",714292.07244100003,143332646.76600000262,Extraction selon les limites de la région HDF (source: ADMIN EXPRESS de l'IGN / édition janvier 2022)
127AC01,27910,13,3,Argiles de l'Aptien-Barrémien du Bassin Parisien,127AC,X,"7","1","2","1",505135.49950300000,111384947.37399999797,Extraction selon les limites de la région HDF (source: ADMIN EXPRESS de l'IGN / édition janvier 2022)
127AC01,27910,14,3,Argiles de l'Aptien-Barrémien du Bassin Parisien,127AC,X,"7","1","2","1",548575.20478300005,241035353.61699998379,Extraction selon les limites de la région HDF (source: ADMIN EXPRESS de l'IGN / édition janvier 2022)
127AC01,27910,12,3,Argiles de l'Aptien-Barrémien du Bassin Parisien,127AC,X,"7","1","2","1",1150761.00677000009,531808100.97199994326,Extraction selon les limites de la région HDF (source: ADMIN EXPRESS de l'IGN / édition janvier 2022)
125AA01,24900,10,3,"Argiles du Gault, Marnes et Gaizes du Cénomanien inférieur à moyen et de l'Albien supérieur du Bassin Parisien",125AA,X,"7","1","2","1",3192617.91409000009,720991903.44299995899,Extraction selon les limites de la région HDF (source: ADMIN EXPRESS de l'IGN / édition janvier 2022)
125AA01,24900,11,3,"Argiles du Gault, Marnes et Gaizes du Cénomanien inférieur à moyen et de l'Albien supérieur du Bassin Parisien",125AA,X,"7","1","2","1",3944071.66648000013,581810598.17599999905,Extraction selon les limites de la région HDF (source: ADMIN EXPRESS de l'IGN / édition janvier 2022)
125AA01,24900,12,3,"Argiles du Gault, Marnes et Gaizes du Cénomanien inférieur à moyen et de l'Albien supérieur du Bassin Parisien",125AA,X,"7","1","2","1",4024476.04247999983,887760935.89600014687,Extraction selon les limites de la région HDF (source: ADMIN EXPRESS de l'IGN / édition janvier 2022)
123BP01,23500,11,3,"Marnes et craie marneuse, sableuse et glauconieuse du Cénomanien, partie profonde au centre du Bassin Parisien (bassin Seine-Normandie et bassin Loire-Bretagne)",123BP,X,"7","1","2","1",3763026.34861000022,849283022.80599999428,Extraction selon les limites de la région HDF (source: ADMIN EXPRESS de l'IGN / édition janvier 2022)
123BP01,23500,9,3,"Marnes et craie marneuse, sableuse et glauconieuse du Cénomanien, partie profonde au centre du Bassin Parisien (bassin Seine-Normandie et bassin Loire-Bretagne)",123BP,X,"7","1","2","1",2805013.47922000010,702214111.30599999428,Extraction selon les limites de la région HDF (source: ADMIN EXPRESS de l'IGN / édition janvier 2022)
123BP01,23500,10,3,"Marnes et craie marneuse, sableuse et glauconieuse du Cénomanien, partie profonde au centre du Bassin Parisien (bassin Seine-Normandie et bassin Loire-Bretagne)",123BP,X,"7","1","2","1",3913608.49230000004,576068706.51400005817,Extraction selon les limites de la région HDF (source: ADMIN EXPRESS de l'IGN / édition janvier 2022)
119AC01,16700,7,3,"Sables, marnes et calcaires de l'Yprésien basal et du Paléocène du Bassin Parisien (bassin Seine-Normandie et sud du bassin Artois-Picardie)",119AC,"3","5","1","2","1",3134617.39251000015,636146168.36199998856,Extraction selon les limites de la région HDF (source: ADMIN EXPRESS de l'IGN / édition janvier 2022)
119AC01,16700,6,3,"Sables, marnes et calcaires de l'Yprésien basal et du Paléocène du Bassin Parisien (bassin Seine-Normandie et sud du bassin Artois-Picardie)",119AC,"3","5","1","2","1",5016529.62590999994,1002034048.55999982357,Extraction selon les limites de la région HDF (source: ADMIN EXPRESS de l'IGN / édition janvier 2022)
119AC01,16700,8,3,"Sables, marnes et calcaires de l'Yprésien basal et du Paléocène du Bassin Parisien (bassin Seine-Normandie et sud du bassin Artois-Picardie)",119AC,"3","5","1","2","1",2440007.55764999986,674972552.62600004673,Extraction selon les limites de la région HDF (source: ADMIN EXPRESS de l'IGN / édition janvier 2022)
113AV01,13100,5,3,Sables de Cuise sous couverture des argiles de Laon de l'Yprésien sup. du Bassin Parisien (bassin Seine-Normandie et sud du bassin Artois-Picardie),113AV,"1","5","1","2","1",2961189.46221000003,591054113.68599998951,Extraction selon les limites de la région HDF (source: ADMIN EXPRESS de l'IGN / édition janvier 2022)
113AV01,13100,6,3,Sables de Cuise sous couverture des argiles de Laon de l'Yprésien sup. du Bassin Parisien (bassin Seine-Normandie et sud du bassin Artois-Picardie),113AV,"1","5","1","2","1",2353842.67481000023,667330145.52900004387,Extraction selon les limites de la région HDF (source: ADMIN EXPRESS de l'IGN / édition janvier 2022)
113AV01,13100,3,3,Sables de Cuise sous couverture des argiles de Laon de l'Yprésien sup. du Bassin Parisien (bassin Seine-Normandie et sud du bassin Artois-Picardie),113AV,"1","5","1","2","1",489441.65364700003,54183751.70229999721,Extraction selon les limites de la région HDF (source: ADMIN EXPRESS de l'IGN / édition janvier 2022)
113AV01,13100,4,3,Sables de Cuise sous couverture des argiles de Laon de l'Yprésien sup. du Bassin Parisien (bassin Seine-Normandie et sud du bassin Artois-Picardie),113AV,"1","5","1","2","1",4825119.72042000014,953038373.83000004292,Extraction selon les limites de la région HDF (source: ADMIN EXPRESS de l'IGN / édition janvier 2022)
137AB99,32920,20,3,Marnes indifférenciées du Callovo-Oxfordien du Bassin Parisien et Argiles de la Woëvre à l’est du Bassin Parisien,137AB,X,"7","1","2","1",2902627.24538000021,651767318.27999997139,Extraction selon les limites de la région HDF (source: ADMIN EXPRESS de l'IGN / édition janvier 2022)
137AB99,32920,19,3,Marnes indifférenciées du Callovo-Oxfordien du Bassin Parisien et Argiles de la Woëvre à l’est du Bassin Parisien,137AB,X,"7","1","2","1",3220099.82409999985,555677274.11199998856,Extraction selon les limites de la région HDF (source: ADMIN EXPRESS de l'IGN / édition janvier 2022)
117AC03,16010,7,3,"Argiles, sables et lignites de l'Yprésien inf. du Bassin Parisien (bassin Seine-Normandie et sud du bassin Artois-Picardie)",117AC,X,"6","1","2","1",2353842.67481000023,667330145.52900004387,Extraction selon les limites de la région HDF (source: ADMIN EXPRESS de l'IGN / édition janvier 2022)
117AC03,16010,6,3,"Argiles, sables et lignites de l'Yprésien inf. du Bassin Parisien (bassin Seine-Normandie et sud du bassin Artois-Picardie)",117AC,X,"6","1","2","1",3053269.21309000021,601359245.24600005150,Extraction selon les limites de la région HDF (source: ADMIN EXPRESS de l'IGN / édition janvier 2022)
117AC03,16010,5,3,"Argiles, sables et lignites de l'Yprésien inf. du Bassin Parisien (bassin Seine-Normandie et sud du bassin Artois-Picardie)",117AC,X,"6","1","2","1",4968471.55405999999,995553074.44599997997,Extraction selon les limites de la région HDF (source: ADMIN EXPRESS de l'IGN / édition janvier 2022)
117AC03,16010,4,3,"Argiles, sables et lignites de l'Yprésien inf. du Bassin Parisien (bassin Seine-Normandie et sud du bassin Artois-Picardie)",117AC,X,"6","1","2","1",707289.00503600005,108428542.43999999762,Extraction selon les limites de la région HDF (source: ADMIN EXPRESS de l'IGN / édition janvier 2022)
139AM19,34400,22,3,"Oolithes avec passées marneuses, Oolithe miliaire, Oolithe de Jaumont, Oolithe de Doncourt, Oolithe blanche et Grande Oolithe du Bathonien inférieur et Bajocien supérieur",139AM,"3","5","5","2","1",1435902.44268999994,287009364.78799998760,Extraction selon les limites de la région HDF (source: ADMIN EXPRESS de l'IGN / édition janvier 2022)
113AQ37,12050,4,3,Sables glauconnieux du Lutétien du bassin de l'Oise aval,113AQ,"3","5","4","2","1",435551.44474900002,247370308.45199999213,Extraction selon les limites de la région HDF (source: ADMIN EXPRESS de l'IGN / édition janvier 2022)
139AP99,37500,15,3,Calcaires du Bajocien du Bassin Parisien,139AP,"3","5","4","2","1",5275353.10601000022,1541651409.83999991417,Extraction selon les limites de la région HDF (source: ADMIN EXPRESS de l'IGN / édition janvier 2022)
139AP99,37500,14,3,Calcaires du Bajocien du Bassin Parisien,139AP,"3","5","4","2","1",4593179.86034999974,1483213524.24000000954,Extraction selon les limites de la région HDF (source: ADMIN EXPRESS de l'IGN / édition janvier 2022)
139AP99,37500,19,3,Calcaires du Bajocien du Bassin Parisien,139AP,"3","5","4","2","1",2782893.90536000021,398338882.82400000095,Extraction selon les limites de la région HDF (source: ADMIN EXPRESS de l'IGN / édition janvier 2022)
139AP99,37500,18,3,Calcaires du Bajocien du Bassin Parisien,139AP,"3","5","4","2","1",3250133.98548999988,809592434.84800004959,Extraction selon les limites de la région HDF (source: ADMIN EXPRESS de l'IGN / édition janvier 2022)
139AP99,37500,17,3,Calcaires du Bajocien du Bassin Parisien,139AP,"3","5","4","2","1",4808970.81094999984,1676169637.22999978065,Extraction selon les limites de la région HDF (source: ADMIN EXPRESS de l'IGN / édition janvier 2022)
139AP99,37500,16,3,Calcaires du Bajocien du Bassin Parisien,139AP,"3","5","4","2","1",5825334.85047999956,2085877173.43000006676,Extraction selon les limites de la région HDF (source: ADMIN EXPRESS de l'IGN / édition janvier 2022)
139AM99,33900,16,3,Calcaires indifférenciés du Bathonien-Callovien inférieur (Dogger) du Bassin Parisien,139AM,"2","5","5","2","1",2423759.05881999992,558770324.41700005531,Extraction selon les limites de la région HDF (source: ADMIN EXPRESS de l'IGN / édition janvier 2022)
139AM99,33900,18,3,Calcaires indifférenciés du Bathonien-Callovien inférieur (Dogger) du Bassin Parisien,139AM,"2","5","5","2","1",1452464.93213999993,209928118.59900003672,Extraction selon les limites de la région HDF (source: ADMIN EXPRESS de l'IGN / édition janvier 2022)
139AM99,33900,13,3,Calcaires indifférenciés du Bathonien-Callovien inférieur (Dogger) du Bassin Parisien,139AM,"2","5","5","2","1",4669854.17776999995,1584801470.19000029564,Extraction selon les limites de la région HDF (source: ADMIN EXPRESS de l'IGN / édition janvier 2022)
139AM99,33900,14,3,Calcaires indifférenciés du Bathonien-Callovien inférieur (Dogger) du Bassin Parisien,139AM,"2","5","5","2","1",5644076.94677999988,1760378979.60999965668,Extraction selon les limites de la région HDF (source: ADMIN EXPRESS de l'IGN / édition janvier 2022)
139AM99,33900,15,3,Calcaires indifférenciés du Bathonien-Callovien inférieur (Dogger) du Bassin Parisien,139AM,"2","5","5","2","1",4259018.73092000000,1517855232.20000004768,Extraction selon les limites de la région HDF (source: ADMIN EXPRESS de l'IGN / édition janvier 2022)
131AA97,30030,12,3,Calcaires du Tithonien inférieur du Bassin Parisien,131AA,"3","5","2","2","1",2520221.97495999979,382657446.22100007534,Extraction selon les limites de la région HDF (source: ADMIN EXPRESS de l'IGN / édition janvier 2022)
131AA97,30030,13,3,Calcaires du Tithonien inférieur du Bassin Parisien,131AA,"3","5","2","2","1",3118872.41803999990,360763797.46299999952,Extraction selon les limites de la région HDF (source: ADMIN EXPRESS de l'IGN / édition janvier 2022)
131AA97,30030,10,3,Calcaires du Tithonien inférieur du Bassin Parisien,131AA,"3","5","2","2","1",6256023.34877999965,2135728056.86999964714,Extraction selon les limites de la région HDF (source: ADMIN EXPRESS de l'IGN / édition janvier 2022)
131AA97,30030,11,3,Calcaires du Tithonien inférieur du Bassin Parisien,131AA,"3","5","2","2","1",3795823.07333000004,682489371.00399994850,Extraction selon les limites de la région HDF (source: ADMIN EXPRESS de l'IGN / édition janvier 2022)
131AA97,30030,8,3,Calcaires du Tithonien inférieur du Bassin Parisien,131AA,"3","5","2","2","1",7694697.56309000030,2463858245.30999994278,Extraction selon les limites de la région HDF (source: ADMIN EXPRESS de l'IGN / édition janvier 2022)
131AA97,30030,9,3,Calcaires du Tithonien inférieur du Bassin Parisien,131AA,"3","5","2","2","1",7250091.70163999964,2342826232.46000003815,Extraction selon les limites de la région HDF (source: ADMIN EXPRESS de l'IGN / édition janvier 2022)
127AG05,28930,7,3,"Sables et argiles du Wealdien (Néocomien), sables blancs, grès ferrugineux et marnes du Valanginien calcaires marneux (Hauterivien) du Bassin Parisien",127AG,"3","6","1","2","1",3173279.36383000016,771715376.10200011730,Extraction selon les limites de la région HDF (source: ADMIN EXPRESS de l'IGN / édition janvier 2022)
127AG05,28930,8,3,"Sables et argiles du Wealdien (Néocomien), sables blancs, grès ferrugineux et marnes du Valanginien calcaires marneux (Hauterivien) du Bassin Parisien",127AG,"3","6","1","2","1",5427232.20830000006,1630441851.64000010490,Extraction selon les limites de la région HDF (source: ADMIN EXPRESS de l'IGN / édition janvier 2022)
127AG05,28930,11,3,"Sables et argiles du Wealdien (Néocomien), sables blancs, grès ferrugineux et marnes du Valanginien calcaires marneux (Hauterivien) du Bassin Parisien",127AG,"3","6","1","2","1",2196216.24334000004,372490933.17200005054,Extraction selon les limites de la région HDF (source: ADMIN EXPRESS de l'IGN / édition janvier 2022)
127AG05,28930,12,3,"Sables et argiles du Wealdien (Néocomien), sables blancs, grès ferrugineux et marnes du Valanginien calcaires marneux (Hauterivien) du Bassin Parisien",127AG,"3","6","1","2","1",1348901.00924999989,173670744.31700000167,Extraction selon les limites de la région HDF (source: ADMIN EXPRESS de l'IGN / édition janvier 2022)
127AG05,28930,9,3,"Sables et argiles du Wealdien (Néocomien), sables blancs, grès ferrugineux et marnes du Valanginien calcaires marneux (Hauterivien) du Bassin Parisien",127AG,"3","6","1","2","1",4192010.51911999984,1519558681.65000009537,Extraction selon les limites de la région HDF (source: ADMIN EXPRESS de l'IGN / édition janvier 2022)
127AG05,28930,10,3,"Sables et argiles du Wealdien (Néocomien), sables blancs, grès ferrugineux et marnes du Valanginien calcaires marneux (Hauterivien) du Bassin Parisien",127AG,"3","6","1","2","1",2700194.36053999979,530259303.72600007057,Extraction selon les limites de la région HDF (source: ADMIN EXPRESS de l'IGN / édition janvier 2022)
141AG05,41120,17,3,"Calcaires, grès, calcaires argileux et argiles de l'Hettangien-Sinémurien (Lias inf.) du Bassin Parisien",141AG,"3","5","4","2","1",2364119.65176999988,504705736.72399997711,Extraction selon les limites de la région HDF (source: ADMIN EXPRESS de l'IGN / édition janvier 2022)
141AG05,41120,18,3,"Calcaires, grès, calcaires argileux et argiles de l'Hettangien-Sinémurien (Lias inf.) du Bassin Parisien",141AG,"3","5","4","2","1",3970568.81809000019,1111405476.46000003815,Extraction selon les limites de la région HDF (source: ADMIN EXPRESS de l'IGN / édition janvier 2022)
141AG05,41120,21,3,"Calcaires, grès, calcaires argileux et argiles de l'Hettangien-Sinémurien (Lias inf.) du Bassin Parisien",141AG,"3","5","4","2","1",2963683.51063999999,913765367.27900016308,Extraction selon les limites de la région HDF (source: ADMIN EXPRESS de l'IGN / édition janvier 2022)
141AG05,41120,22,3,"Calcaires, grès, calcaires argileux et argiles de l'Hettangien-Sinémurien (Lias inf.) du Bassin Parisien",141AG,"3","5","4","2","1",2776659.54239000008,633805033.23699998856,Extraction selon les limites de la région HDF (source: ADMIN EXPRESS de l'IGN / édition janvier 2022)
141AG05,41120,19,3,"Calcaires, grès, calcaires argileux et argiles de l'Hettangien-Sinémurien (Lias inf.) du Bassin Parisien",141AG,"3","5","4","2","1",4375161.70435000025,1420580351.33999991417,Extraction selon les limites de la région HDF (source: ADMIN EXPRESS de l'IGN / édition janvier 2022)
141AG05,41120,20,3,"Calcaires, grès, calcaires argileux et argiles de l'Hettangien-Sinémurien (Lias inf.) du Bassin Parisien",141AG,"3","5","4","2","1",4017464.00634999992,1647915895.77999997139,Extraction selon les limites de la région HDF (source: ADMIN EXPRESS de l'IGN / édition janvier 2022)
141AC01,39500,16,3,"Grès médioliasique du Domérien, grès et calcaire gréseux et marnes du Pliensbachien du Bassin Parisien",141AC,"3","6","1","2","1",4375930.98077000026,1418751197.82999992371,Extraction selon les limites de la région HDF (source: ADMIN EXPRESS de l'IGN / édition janvier 2022)
141AC01,39500,19,3,"Grès médioliasique du Domérien, grès et calcaire gréseux et marnes du Pliensbachien du Bassin Parisien",141AC,"3","6","1","2","1",4808970.81094999984,1676169637.22999978065,Extraction selon les limites de la région HDF (source: ADMIN EXPRESS de l'IGN / édition janvier 2022)
141AC01,39500,20,3,"Grès médioliasique du Domérien, grès et calcaire gréseux et marnes du Pliensbachien du Bassin Parisien",141AC,"3","6","1","2","1",3250133.98548999988,809592434.84800004959,Extraction selon les limites de la région HDF (source: ADMIN EXPRESS de l'IGN / édition janvier 2022)
141AC01,39500,17,3,"Grès médioliasique du Domérien, grès et calcaire gréseux et marnes du Pliensbachien du Bassin Parisien",141AC,"3","6","1","2","1",5279170.60496000014,1541865936.65000009537,Extraction selon les limites de la région HDF (source: ADMIN EXPRESS de l'IGN / édition janvier 2022)
141AC01,39500,18,3,"Grès médioliasique du Domérien, grès et calcaire gréseux et marnes du Pliensbachien du Bassin Parisien",141AC,"3","6","1","2","1",5824857.36758000031,2085662646.61999964714,Extraction selon les limites de la région HDF (source: ADMIN EXPRESS de l'IGN / édition janvier 2022)
143AB99,41450,19,3,Grès et argiles indifférenciés du Rhétien (Trias sup.) du Bassin Parisien et de ses bordures,143AB,"3","6","1","2","1",3104312.97061999980,789155358.51499998569,Extraction selon les limites de la région HDF (source: ADMIN EXPRESS de l'IGN / édition janvier 2022)
143AB99,41450,20,3,Grès et argiles indifférenciés du Rhétien (Trias sup.) du Bassin Parisien et de ses bordures,143AB,"3","6","1","2","1",3345735.21651999978,1073683930.64999997616,Extraction selon les limites de la région HDF (source: ADMIN EXPRESS de l'IGN / édition janvier 2022)
143AB99,41450,18,3,Grès et argiles indifférenciés du Rhétien (Trias sup.) du Bassin Parisien et de ses bordures,143AB,"3","6","1","2","1",1529676.45750000002,341294387.77499997616,Extraction selon les limites de la région HDF (source: ADMIN EXPRESS de l'IGN / édition janvier 2022)
143AB99,41450,23,3,Grès et argiles indifférenciés du Rhétien (Trias sup.) du Bassin Parisien et de ses bordures,143AB,"3","6","1","2","1",1237676.35863999999,299244272.51399999857,Extraction selon les limites de la région HDF (source: ADMIN EXPRESS de l'IGN / édition janvier 2022)
143AB99,41450,21,3,Grès et argiles indifférenciés du Rhétien (Trias sup.) du Bassin Parisien et de ses bordures,143AB,"3","6","1","2","1",2151742.37142000021,796282626.70200002193,Extraction selon les limites de la région HDF (source: ADMIN EXPRESS de l'IGN / édition janvier 2022)
143AB99,41450,22,3,Grès et argiles indifférenciés du Rhétien (Trias sup.) du Bassin Parisien et de ses bordures,143AB,"3","6","1","2","1",1083294.96230000001,268773408.30099999905,Extraction selon les limites de la région HDF (source: ADMIN EXPRESS de l'IGN / édition janvier 2022)
133AA99,31000,11,3,Marnes indifférenciées du Kimméridgien du Bassin Parisien,133AA,X,"7","1","2","1",6271321.68759999983,2137862779.99000000954,Extraction selon les limites de la région HDF (source: ADMIN EXPRESS de l'IGN / édition janvier 2022)
133AA99,31000,12,3,Marnes indifférenciées du Kimméridgien du Bassin Parisien,133AA,X,"7","1","2","1",3795823.07333000004,682489371.00399994850,Extraction selon les limites de la région HDF (source: ADMIN EXPRESS de l'IGN / édition janvier 2022)
133AA99,31000,9,3,Marnes indifférenciées du Kimméridgien du Bassin Parisien,133AA,X,"7","1","2","1",6911183.80974000040,2148350386.03999996185,Extraction selon les limites de la région HDF (source: ADMIN EXPRESS de l'IGN / édition janvier 2022)
133AA99,31000,10,3,Marnes indifférenciées du Kimméridgien du Bassin Parisien,133AA,X,"7","1","2","1",7255946.26865999959,2344796734.67999982834,Extraction selon les limites de la région HDF (source: ADMIN EXPRESS de l'IGN / édition janvier 2022)
133AA99,31000,13,3,Marnes indifférenciées du Kimméridgien du Bassin Parisien,133AA,X,"7","1","2","1",2520221.97495999979,382657446.22100007534,Extraction selon les limites de la région HDF (source: ADMIN EXPRESS de l'IGN / édition janvier 2022)
133AA99,31000,14,3,Marnes indifférenciées du Kimméridgien du Bassin Parisien,133AA,X,"7","1","2","1",3118872.41803999990,360763797.46299999952,Extraction selon les limites de la région HDF (source: ADMIN EXPRESS de l'IGN / édition janvier 2022)
141AC01,39500,21,3,"Grès médioliasique du Domérien, grès et calcaire gréseux et marnes du Pliensbachien du Bassin Parisien",141AC,"3","6","1","2","1",2782893.90536000021,398338882.82400000095,Extraction selon les limites de la région HDF (source: ADMIN EXPRESS de l'IGN / édition janvier 2022)
135AA59,31850,11,3,Sables et grès de l'Oxfordien supérieur du Bassin Parisien,135AA,"3","5","1","2","1",6955334.86765999999,2168698091.00000000000,Extraction selon les limites de la région HDF (source: ADMIN EXPRESS de l'IGN / édition janvier 2022)
135AA59,31850,12,3,Sables et grès de l'Oxfordien supérieur du Bassin Parisien,135AA,"3","5","1","2","1",5497075.84470999986,2024231454.09999990463,Extraction selon les limites de la région HDF (source: ADMIN EXPRESS de l'IGN / édition janvier 2022)
135AA59,31850,13,3,Sables et grès de l'Oxfordien supérieur du Bassin Parisien,135AA,"3","5","1","2","1",3529092.32505000010,802834981.31900000572,Extraction selon les limites de la région HDF (source: ADMIN EXPRESS de l'IGN / édition janvier 2022)
135AA59,31850,14,3,Sables et grès de l'Oxfordien supérieur du Bassin Parisien,135AA,"3","5","1","2","1",2381419.19366999995,327089266.78500002623,Extraction selon les limites de la région HDF (source: ADMIN EXPRESS de l'IGN / édition janvier 2022)
135AA59,31850,15,3,Sables et grès de l'Oxfordien supérieur du Bassin Parisien,135AA,"3","5","1","2","1",1948672.12187999999,298009428.86500000954,Extraction selon les limites de la région HDF (source: ADMIN EXPRESS de l'IGN / édition janvier 2022)
135AA59,31850,10,3,Sables et grès de l'Oxfordien supérieur du Bassin Parisien,135AA,"3","5","1","2","1",6968664.92719000019,2664451686.76999998093,Extraction selon les limites de la région HDF (source: ADMIN EXPRESS de l'IGN / édition janvier 2022)
135AA61,31900,13,3,Calcaire corallien de l'Oxfordien moyen à supérieur du Bassin Parisien,135AA,"3","5","5","2","1",5404964.73642999958,1965525066.51999998093,Extraction selon les limites de la région HDF (source: ADMIN EXPRESS de l'IGN / édition janvier 2022)
135AA61,31900,12,3,Calcaire corallien de l'Oxfordien moyen à supérieur du Bassin Parisien,135AA,"3","5","5","2","1",6384303.22278000042,2030465587.72000002861,Extraction selon les limites de la région HDF (source: ADMIN EXPRESS de l'IGN / édition janvier 2022)
135AA61,31900,11,3,Calcaire corallien de l'Oxfordien moyen à supérieur du Bassin Parisien,135AA,"3","5","5","2","1",5094889.48550000042,2003399225.30999994278,Extraction selon les limites de la région HDF (source: ADMIN EXPRESS de l'IGN / édition janvier 2022)
135AA61,31900,16,3,Calcaire corallien de l'Oxfordien moyen à supérieur du Bassin Parisien,135AA,"3","5","5","2","1",2388729.05254000006,341985749.08499997854,Extraction selon les limites de la région HDF (source: ADMIN EXPRESS de l'IGN / édition janvier 2022)
135AA61,31900,15,3,Calcaire corallien de l'Oxfordien moyen à supérieur du Bassin Parisien,135AA,"3","5","5","2","1",2673025.94541000016,372685563.93199998140,Extraction selon les limites de la région HDF (source: ADMIN EXPRESS de l'IGN / édition janvier 2022)
135AA61,31900,14,3,Calcaire corallien de l'Oxfordien moyen à supérieur du Bassin Parisien,135AA,"3","5","5","2","1",3921634.21620000014,855416681.87100005150,Extraction selon les limites de la région HDF (source: ADMIN EXPRESS de l'IGN / édition janvier 2022)
127AA99,26900,10,3,Sables indifférenciés et argiles de l'Apto-Albien du Bassin Parisien,127AA,"3","5","1","2","1",2878479.16781000001,528812853.99699997902,Extraction selon les limites de la région HDF (source: ADMIN EXPRESS de l'IGN / édition janvier 2022)
127AA99,26900,9,3,Sables indifférenciés et argiles de l'Apto-Albien du Bassin Parisien,127AA,"3","5","1","2","1",4946045.22295999993,1263285786.50000000000,Extraction selon les limites de la région HDF (source: ADMIN EXPRESS de l'IGN / édition janvier 2022)
127AA99,26900,8,3,Sables indifférenciés et argiles de l'Apto-Albien du Bassin Parisien,127AA,"3","5","1","2","1",6623749.75451000035,1818293594.39000010490,Extraction selon les limites de la région HDF (source: ADMIN EXPRESS de l'IGN / édition janvier 2022)
127AA99,26900,7,3,Sables indifférenciés et argiles de l'Apto-Albien du Bassin Parisien,127AA,"3","5","1","2","1",21139378.73420000076,7486791515.35000038147,Extraction selon les limites de la région HDF (source: ADMIN EXPRESS de l'IGN / édition janvier 2022)
127AA99,26900,6,3,Sables indifférenciés et argiles de l'Apto-Albien du Bassin Parisien,127AA,"3","5","1","2","1",23230905.40450000018,7275259236.57000064850,Extraction selon les limites de la région HDF (source: ADMIN EXPRESS de l'IGN / édition janvier 2022)
127AA99,26900,5,3,Sables indifférenciés et argiles de l'Apto-Albien du Bassin Parisien,127AA,"3","5","1","2","1",5674310.54846999981,1134813374.47000002861,Extraction selon les limites de la région HDF (source: ADMIN EXPRESS de l'IGN / édition janvier 2022)
119AE15,16809,4,3,"Formations résiduelles à silex, couverture Cénozoïque au centre du Bassin Parisien",119AE,X,"6","1","2","1",2022549.24687999999,371219251.04299998283,Extraction selon les limites de la région HDF (source: ADMIN EXPRESS de l'IGN / édition janvier 2022)
119AE15,16809,5,3,"Formations résiduelles à silex, couverture Cénozoïque au centre du Bassin Parisien",119AE,X,"6","1","2","1",1370565.17565999995,232060208.61199998856,Extraction selon les limites de la région HDF (source: ADMIN EXPRESS de l'IGN / édition janvier 2022)
119AE15,16809,6,3,"Formations résiduelles à silex, couverture Cénozoïque au centre du Bassin Parisien",119AE,X,"6","1","2","1",756476.81948599999,64823514.35379999876,Extraction selon les limites de la région HDF (source: ADMIN EXPRESS de l'IGN / édition janvier 2022)
119AE17,16810,1,3,Formations résiduelles à silex du nord de la France de faible épaisseur inférieure à 2 m,119AE,X,"6","1","2","1",23837999.92190000042,9231874658.92000007629,Extraction selon les limites de la région HDF (source: ADMIN EXPRESS de l'IGN / édition janvier 2022)
141AB99,38900,15,3,Marnes du Toarcien (Lias sup.) du Bassin Parisien,141AB,X,"7","1","2","1",3925799.61705000000,1221770007.09999990463,Extraction selon les limites de la région HDF (source: ADMIN EXPRESS de l'IGN / édition janvier 2022)
141AB99,38900,16,3,Marnes du Toarcien (Lias sup.) du Bassin Parisien,141AB,X,"7","1","2","1",4783047.82722000033,1323278389.70000004768,Extraction selon les limites de la région HDF (source: ADMIN EXPRESS de l'IGN / édition janvier 2022)
141AB99,38900,17,3,Marnes du Toarcien (Lias sup.) du Bassin Parisien,141AB,X,"7","1","2","1",5209299.83574999962,1642351098.74999976158,Extraction selon les limites de la région HDF (source: ADMIN EXPRESS de l'IGN / édition janvier 2022)
141AB99,38900,18,3,Marnes du Toarcien (Lias sup.) du Bassin Parisien,141AB,X,"7","1","2","1",4216953.87182999961,1462062802.02999997139,Extraction selon les limites de la région HDF (source: ADMIN EXPRESS de l'IGN / édition janvier 2022)
141AB99,38900,19,3,Marnes du Toarcien (Lias sup.) du Bassin Parisien,141AB,X,"7","1","2","1",2611684.39057999989,640220532.18700003624,Extraction selon les limites de la région HDF (source: ADMIN EXPRESS de l'IGN / édition janvier 2022)
141AB99,38900,20,3,Marnes du Toarcien (Lias sup.) du Bassin Parisien,141AB,X,"7","1","2","1",1967238.79272000003,261750406.07499995828,Extraction selon les limites de la région HDF (source: ADMIN EXPRESS de l'IGN / édition janvier 2022)
127AC01,27910,11,3,Argiles de l'Aptien-Barrémien du Bassin Parisien,127AC,X,"7","1","2","1",344070.43008700002,60610814.51609999686,Extraction selon les limites de la région HDF (source: ADMIN EXPRESS de l'IGN / édition janvier 2022)
127AC01,27910,6,3,Argiles de l'Aptien-Barrémien du Bassin Parisien,127AC,X,"7","1","2","1",2706970.89300000016,662419839.87000000477,Extraction selon les limites de la région HDF (source: ADMIN EXPRESS de l'IGN / édition janvier 2022)
127AC01,27910,9,3,Argiles de l'Aptien-Barrémien du Bassin Parisien,127AC,X,"7","1","2","1",1524711.76423000009,314652088.87099999189,Extraction selon les limites de la région HDF (source: ADMIN EXPRESS de l'IGN / édition janvier 2022)
127AC01,27910,10,3,Argiles de l'Aptien-Barrémien du Bassin Parisien,127AC,X,"7","1","2","1",578494.04733900004,113763042.75399999321,Extraction selon les limites de la région HDF (source: ADMIN EXPRESS de l'IGN / édition janvier 2022)
127AC01,27910,7,3,Argiles de l'Aptien-Barrémien du Bassin Parisien,127AC,X,"7","1","2","1",4730867.17470000032,1421557441.78999996185,Extraction selon les limites de la région HDF (source: ADMIN EXPRESS de l'IGN / édition janvier 2022)
127AC01,27910,8,3,Argiles de l'Aptien-Barrémien du Bassin Parisien,127AC,X,"7","1","2","1",3506295.05776999984,1373826382.13000011444,Extraction selon les limites de la région HDF (source: ADMIN EXPRESS de l'IGN / édition janvier 2022)
125AA01,24900,8,3,"Argiles du Gault, Marnes et Gaizes du Cénomanien inférieur à moyen et de l'Albien supérieur du Bassin Parisien",125AA,X,"7","1","2","1",4946045.22295999993,1263285786.50000000000,Extraction selon les limites de la région HDF (source: ADMIN EXPRESS de l'IGN / édition janvier 2022)
125AA01,24900,9,3,"Argiles du Gault, Marnes et Gaizes du Cénomanien inférieur à moyen et de l'Albien supérieur du Bassin Parisien",125AA,X,"7","1","2","1",2878479.16781000001,528812853.99699997902,Extraction selon les limites de la région HDF (source: ADMIN EXPRESS de l'IGN / édition janvier 2022)
125AA01,24900,6,3,"Argiles du Gault, Marnes et Gaizes du Cénomanien inférieur à moyen et de l'Albien supérieur du Bassin Parisien",125AA,X,"7","1","2","1",21000602.33139999956,7426049553.73999977112,Extraction selon les limites de la région HDF (source: ADMIN EXPRESS de l'IGN / édition janvier 2022)
125AA01,24900,7,3,"Argiles du Gault, Marnes et Gaizes du Cénomanien inférieur à moyen et de l'Albien supérieur du Bassin Parisien",125AA,X,"7","1","2","1",6623749.75451000035,1818293594.39000010490,Extraction selon les limites de la région HDF (source: ADMIN EXPRESS de l'IGN / édition janvier 2022)
125AA01,24900,4,3,"Argiles du Gault, Marnes et Gaizes du Cénomanien inférieur à moyen et de l'Albien supérieur du Bassin Parisien",125AA,X,"7","1","2","1",5563837.58813000005,1132907187.34999990463,Extraction selon les limites de la région HDF (source: ADMIN EXPRESS de l'IGN / édition janvier 2022)
125AA01,24900,5,3,"Argiles du Gault, Marnes et Gaizes du Cénomanien inférieur à moyen et de l'Albien supérieur du Bassin Parisien",125AA,X,"7","1","2","1",23026567.21739999950,7259220968.32999992371,Extraction selon les limites de la région HDF (source: ADMIN EXPRESS de l'IGN / édition janvier 2022)
123BP01,23500,7,3,"Marnes et craie marneuse, sableuse et glauconieuse du Cénomanien, partie profonde au centre du Bassin Parisien (bassin Seine-Normandie et bassin Loire-Bretagne)",123BP,X,"7","1","2","1",3278772.92854999984,647092719.90100002289,Extraction selon les limites de la région HDF (source: ADMIN EXPRESS de l'IGN / édition janvier 2022)
123BP01,23500,8,3,"Marnes et craie marneuse, sableuse et glauconieuse du Cénomanien, partie profonde au centre du Bassin Parisien (bassin Seine-Normandie et bassin Loire-Bretagne)",123BP,X,"7","1","2","1",2016399.88345000008,221935205.34799998999,Extraction selon les limites de la région HDF (source: ADMIN EXPRESS de l'IGN / édition janvier 2022)
123BP01,23500,5,3,"Marnes et craie marneuse, sableuse et glauconieuse du Cénomanien, partie profonde au centre du Bassin Parisien (bassin Seine-Normandie et bassin Loire-Bretagne)",123BP,X,"7","1","2","1",943803.84162199998,192243211.40999999642,Extraction selon les limites de la région HDF (source: ADMIN EXPRESS de l'IGN / édition janvier 2022)
123BP01,23500,6,3,"Marnes et craie marneuse, sableuse et glauconieuse du Cénomanien, partie profonde au centre du Bassin Parisien (bassin Seine-Normandie et bassin Loire-Bretagne)",123BP,X,"7","1","2","1",2867720.93673999980,529360216.42900002003,Extraction selon les limites de la région HDF (source: ADMIN EXPRESS de l'IGN / édition janvier 2022)
119AC01,16700,3,3,"Sables, marnes et calcaires de l'Yprésien basal et du Paléocène du Bassin Parisien (bassin Seine-Normandie et sud du bassin Artois-Picardie)",119AC,"3","5","1","2","1",5313972.22331999987,1157294040.20000004768,Extraction selon les limites de la région HDF (source: ADMIN EXPRESS de l'IGN / édition janvier 2022)
119AC01,16700,5,3,"Sables, marnes et calcaires de l'Yprésien basal et du Paléocène du Bassin Parisien (bassin Seine-Normandie et sud du bassin Artois-Picardie)",119AC,"3","5","1","2","1",706851.52605300001,93725559.98540000618,Extraction selon les limites de la région HDF (source: ADMIN EXPRESS de l'IGN / édition janvier 2022)
119AC01,16700,4,3,"Sables, marnes et calcaires de l'Yprésien basal et du Paléocène du Bassin Parisien (bassin Seine-Normandie et sud du bassin Artois-Picardie)",119AC,"3","5","1","2","1",2127795.96864000009,121061036.13300000131,Extraction selon les limites de la région HDF (source: ADMIN EXPRESS de l'IGN / édition janvier 2022)
137AB99,32920,17,3,Marnes indifférenciées du Callovo-Oxfordien du Bassin Parisien et Argiles de la Woëvre à l’est du Bassin Parisien,137AB,X,"7","1","2","1",2388729.05254000006,341985749.08499997854,Extraction selon les limites de la région HDF (source: ADMIN EXPRESS de l'IGN / édition janvier 2022)
137AB99,32920,16,3,Marnes indifférenciées du Callovo-Oxfordien du Bassin Parisien et Argiles de la Woëvre à l’est du Bassin Parisien,137AB,X,"7","1","2","1",2673025.94541000016,372685563.93199998140,Extraction selon les limites de la région HDF (source: ADMIN EXPRESS de l'IGN / édition janvier 2022)
137AB99,32920,15,3,Marnes indifférenciées du Callovo-Oxfordien du Bassin Parisien et Argiles de la Woëvre à l’est du Bassin Parisien,137AB,X,"7","1","2","1",3921634.21620000014,855416681.87100005150,Extraction selon les limites de la région HDF (source: ADMIN EXPRESS de l'IGN / édition janvier 2022)
137AB99,32920,14,3,Marnes indifférenciées du Callovo-Oxfordien du Bassin Parisien et Argiles de la Woëvre à l’est du Bassin Parisien,137AB,X,"7","1","2","1",5423147.43510000035,1973813223.16000008583,Extraction selon les limites de la région HDF (source: ADMIN EXPRESS de l'IGN / édition janvier 2022)
137AB99,32920,13,3,Marnes indifférenciées du Callovo-Oxfordien du Bassin Parisien et Argiles de la Woëvre à l’est du Bassin Parisien,137AB,X,"7","1","2","1",6682980.70801000018,2113515270.07999992371,Extraction selon les limites de la région HDF (source: ADMIN EXPRESS de l'IGN / édition janvier 2022)
137AB99,32920,12,3,Marnes indifférenciées du Callovo-Oxfordien du Bassin Parisien et Argiles de la Woëvre à l’est du Bassin Parisien,137AB,X,"7","1","2","1",5718504.24818999972,2152063037.94000005722,Extraction selon les limites de la région HDF (source: ADMIN EXPRESS de l'IGN / édition janvier 2022)
117AC03,16010,3,3,"Argiles, sables et lignites de l'Yprésien inf. du Bassin Parisien (bassin Seine-Normandie et sud du bassin Artois-Picardie)",117AC,X,"6","1","2","1",2051807.26679000002,128372880.17200000584,Extraction selon les limites de la région HDF (source: ADMIN EXPRESS de l'IGN / édition janvier 2022)
117AC03,16010,2,3,"Argiles, sables et lignites de l'Yprésien inf. du Bassin Parisien (bassin Seine-Normandie et sud du bassin Artois-Picardie)",117AC,X,"6","1","2","1",5197873.08645000029,1124623539.83999991417,Extraction selon les limites de la région HDF (source: ADMIN EXPRESS de l'IGN / édition janvier 2022)
117AC03,16010,1,3,"Argiles, sables et lignites de l'Yprésien inf. du Bassin Parisien (bassin Seine-Normandie et sud du bassin Artois-Picardie)",117AC,X,"6","1","2","1",3597380.21915999986,817013875.94499993324,Extraction selon les limites de la région HDF (source: ADMIN EXPRESS de l'IGN / édition janvier 2022)
139AM01,34000,19,3,Dalle nacrée du Callovien inférieur et calcaires marneux et oolitiques du Bathonien supérieur à l'est du Bassin Parisien,139AM,"3","5","2","2","1",1207339.17744000000,222385751.70500001311,Extraction selon les limites de la région HDF (source: ADMIN EXPRESS de l'IGN / édition janvier 2022)
139AP99,37500,22,3,Calcaires du Bajocien du Bassin Parisien,139AP,"3","5","4","2","1",2959188.84635999985,443200799.69400006533,Extraction selon les limites de la région HDF (source: ADMIN EXPRESS de l'IGN / édition janvier 2022)
139AP99,37500,21,3,Calcaires du Bajocien du Bassin Parisien,139AP,"3","5","4","2","1",3161522.58266999992,473614695.74300003052,Extraction selon les limites de la région HDF (source: ADMIN EXPRESS de l'IGN / édition janvier 2022)
139AP99,37500,20,3,Calcaires du Bajocien du Bassin Parisien,139AP,"3","5","4","2","1",2507424.43759999983,401575000.54400002956,Extraction selon les limites de la région HDF (source: ADMIN EXPRESS de l'IGN / édition janvier 2022)
139AM05,34200,20,3,Marnes et caillasses à Rhynchonelles du Bathonien-Callovien à l’est du Bassin Parisien,139AM,"3","6","2","2","1",761968.87344200001,177125775.37400001287,Extraction selon les limites de la région HDF (source: ADMIN EXPRESS de l'IGN / édition janvier 2022)
139AM99,33900,20,3,Calcaires indifférenciés du Bathonien-Callovien inférieur (Dogger) du Bassin Parisien,139AM,"2","5","5","2","1",1694451.28444000008,248749294.64399999380,Extraction selon les limites de la région HDF (source: ADMIN EXPRESS de l'IGN / édition janvier 2022)
139AM99,33900,19,3,Calcaires indifférenciés du Bathonien-Callovien inférieur (Dogger) du Bassin Parisien,139AM,"2","5","5","2","1",2197217.88575999998,270088125.80500000715,Extraction selon les limites de la région HDF (source: ADMIN EXPRESS de l'IGN / édition janvier 2022)
141AG05,41120,25,3,"Calcaires, grès, calcaires argileux et argiles de l'Hettangien-Sinémurien (Lias inf.) du Bassin Parisien",141AG,"3","5","4","2","1",3264116.27083999990,485212976.51999998093,Extraction selon les limites de la région HDF (source: ADMIN EXPRESS de l'IGN / édition janvier 2022)
141AG05,41120,23,3,"Calcaires, grès, calcaires argileux et argiles de l'Hettangien-Sinémurien (Lias inf.) du Bassin Parisien",141AG,"3","5","4","2","1",2395719.69671999989,340315149.66900002956,Extraction selon les limites de la région HDF (source: ADMIN EXPRESS de l'IGN / édition janvier 2022)
141AG05,41120,24,3,"Calcaires, grès, calcaires argileux et argiles de l'Hettangien-Sinémurien (Lias inf.) du Bassin Parisien",141AG,"3","5","4","2","1",2328486.67889000010,395517138.31900006533,Extraction selon les limites de la région HDF (source: ADMIN EXPRESS de l'IGN / édition janvier 2022)
143AB99,41450,24,3,Grès et argiles indifférenciés du Rhétien (Trias sup.) du Bassin Parisien et de ses bordures,143AB,"3","6","1","2","1",1307395.97852999996,202252145.26699998975,Extraction selon les limites de la région HDF (source: ADMIN EXPRESS de l'IGN / édition janvier 2022)
143AB99,41450,27,3,Grès et argiles indifférenciés du Rhétien (Trias sup.) du Bassin Parisien et de ses bordures,143AB,"3","6","1","2","1",1448935.65732000000,220791995.37099996209,Extraction selon les limites de la région HDF (source: ADMIN EXPRESS de l'IGN / édition janvier 2022)
143AB99,41450,25,3,Grès et argiles indifférenciés du Rhétien (Trias sup.) du Bassin Parisien et de ses bordures,143AB,"3","6","1","2","1",1286187.96644999995,242217693.59599995613,Extraction selon les limites de la région HDF (source: ADMIN EXPRESS de l'IGN / édition janvier 2022)
143AB99,41450,26,3,Grès et argiles indifférenciés du Rhétien (Trias sup.) du Bassin Parisien et de ses bordures,143AB,"3","6","1","2","1",1409219.64281999995,229788798.61100000143,Extraction selon les limites de la région HDF (source: ADMIN EXPRESS de l'IGN / édition janvier 2022)
141AC01,39500,23,3,"Grès médioliasique du Domérien, grès et calcaire gréseux et marnes du Pliensbachien du Bassin Parisien",141AC,"3","6","1","2","1",3161522.58266999992,473614695.74300003052,Extraction selon les limites de la région HDF (source: ADMIN EXPRESS de l'IGN / édition janvier 2022)
141AC01,39500,24,3,"Grès médioliasique du Domérien, grès et calcaire gréseux et marnes du Pliensbachien du Bassin Parisien",141AC,"3","6","1","2","1",2959188.84635999985,443200799.69400006533,Extraction selon les limites de la région HDF (source: ADMIN EXPRESS de l'IGN / édition janvier 2022)
141AC01,39500,22,3,"Grès médioliasique du Domérien, grès et calcaire gréseux et marnes du Pliensbachien du Bassin Parisien",141AC,"3","6","1","2","1",2507424.43759999983,401575000.54400002956,Extraction selon les limites de la région HDF (source: ADMIN EXPRESS de l'IGN / édition janvier 2022)
135AA59,31850,16,3,Sables et grès de l'Oxfordien supérieur du Bassin Parisien,135AA,"3","5","1","2","1",3048156.38953999989,468323885.38499999046,Extraction selon les limites de la région HDF (source: ADMIN EXPRESS de l'IGN / édition janvier 2022)
135AA61,31900,17,3,Calcaire corallien de l'Oxfordien moyen à supérieur du Bassin Parisien,135AA,"3","5","5","2","1",3380181.57868999988,502102316.07499998808,Extraction selon les limites de la région HDF (source: ADMIN EXPRESS de l'IGN / édition janvier 2022)
141AB99,38900,21,3,Marnes du Toarcien (Lias sup.) du Bassin Parisien,141AB,X,"7","1","2","1",1798000.28966000001,283707065.91000002623,Extraction selon les limites de la région HDF (source: ADMIN EXPRESS de l'IGN / édition janvier 2022)
141AB99,38900,22,3,Marnes du Toarcien (Lias sup.) du Bassin Parisien,141AB,X,"7","1","2","1",2484338.06514000008,368576265.78200000525,Extraction selon les limites de la région HDF (source: ADMIN EXPRESS de l'IGN / édition janvier 2022)
141AB99,38900,23,3,Marnes du Toarcien (Lias sup.) du Bassin Parisien,141AB,X,"7","1","2","1",1740546.83281999989,311082225.00099998713,Extraction selon les limites de la région HDF (source: ADMIN EXPRESS de l'IGN / édition janvier 2022)
137AB99,32920,18,3,Marnes indifférenciées du Callovo-Oxfordien du Bassin Parisien et Argiles de la Woëvre à l’est du Bassin Parisien,137AB,X,"7","1","2","1",3380181.57868999988,502102316.07499998808,Extraction selon les limites de la région HDF (source: ADMIN EXPRESS de l'IGN / édition janvier 2022)
119AE17,16810,2,3,Formations résiduelles à silex du nord de la France de faible épaisseur inférieure à 2 m,119AE,X,"6","1","2","1",3265361.13241000008,997788344.26900005341,Extraction selon les limites de la région HDF (source: ADMIN EXPRESS de l'IGN / édition janvier 2022)
119AC01,16700,1,3,"Sables, marnes et calcaires de l'Yprésien basal et du Paléocène du Bassin Parisien (bassin Seine-Normandie et sud du bassin Artois-Picardie)",119AC,"3","5","1","2","1",3550858.70475000003,1307100793.00999999046,Extraction selon les limites de la région HDF (source: ADMIN EXPRESS de l'IGN / édition janvier 2022)
139AM01,34000,17,3,Dalle nacrée du Callovien inférieur et calcaires marneux et oolitiques du Bathonien supérieur à l'est du Bassin Parisien,139AM,"3","5","2","2","1",904585.44531500002,165669348.08599999547,Extraction selon les limites de la région HDF (source: ADMIN EXPRESS de l'IGN / édition janvier 2022)
139AM01,34000,16,3,Dalle nacrée du Callovien inférieur et calcaires marneux et oolitiques du Bathonien supérieur à l'est du Bassin Parisien,139AM,"3","5","2","2","1",1517613.91286000004,292958748.67299997807,Extraction selon les limites de la région HDF (source: ADMIN EXPRESS de l'IGN / édition janvier 2022)
139AM01,34000,18,3,Dalle nacrée du Callovien inférieur et calcaires marneux et oolitiques du Bathonien supérieur à l'est du Bassin Parisien,139AM,"3","5","2","2","1",947879.48512600001,132057630.48700000346,Extraction selon les limites de la région HDF (source: ADMIN EXPRESS de l'IGN / édition janvier 2022)
139AM05,34200,18,3,Marnes et caillasses à Rhynchonelles du Bathonien-Callovien à l’est du Bassin Parisien,139AM,"3","6","2","2","1",676959.76852799999,127645300.95000000298,Extraction selon les limites de la région HDF (source: ADMIN EXPRESS de l'IGN / édition janvier 2022)
139AM05,34200,17,3,Marnes et caillasses à Rhynchonelles du Bathonien-Callovien à l’est du Bassin Parisien,139AM,"3","6","2","2","1",1159587.96809999994,226198916.34400001168,Extraction selon les limites de la région HDF (source: ADMIN EXPRESS de l'IGN / édition janvier 2022)
139AM05,34200,19,3,Marnes et caillasses à Rhynchonelles du Bathonien-Callovien à l’est du Bassin Parisien,139AM,"3","6","2","2","1",771976.66573200002,104299002.56299999356,Extraction selon les limites de la région HDF (source: ADMIN EXPRESS de l'IGN / édition janvier 2022)
139AM01,34000,15,3,Dalle nacrée du Callovien inférieur et calcaires marneux et oolitiques du Bathonien supérieur à l'est du Bassin Parisien,139AM,"3","5","2","2","1",1167703.55190000008,436492002.61100006104,Extraction selon les limites de la région HDF (source: ADMIN EXPRESS de l'IGN / édition janvier 2022)
139AM05,34200,16,3,Marnes et caillasses à Rhynchonelles du Bathonien-Callovien à l’est du Bassin Parisien,139AM,"3","6","2","2","1",926609.91650599998,344817264.37199997902,Extraction selon les limites de la région HDF (source: ADMIN EXPRESS de l'IGN / édition janvier 2022)
139AM05,34200,15,3,Marnes et caillasses à Rhynchonelles du Bathonien-Callovien à l’est du Bassin Parisien,139AM,"3","6","2","2","1",776465.36666000006,296263785.67000001669,Extraction selon les limites de la région HDF (source: ADMIN EXPRESS de l'IGN / édition janvier 2022)
119AE15,16809,3,3,"Formations résiduelles à silex, couverture Cénozoïque au centre du Bassin Parisien",119AE,X,"6","1","2","1",505675.81748600001,119736588.96799999475,Extraction selon les limites de la région HDF (source: ADMIN EXPRESS de l'IGN / édition janvier 2022)
119AC01,16700,2,3,"Sables, marnes et calcaires de l'Yprésien basal et du Paléocène du Bassin Parisien (bassin Seine-Normandie et sud du bassin Artois-Picardie)",119AC,"3","5","1","2","1",3551455.17747000000,916704045.57899999619,Extraction selon les limites de la région HDF (source: ADMIN EXPRESS de l'IGN / édition janvier 2022)
139AM19,34400,20,3,"Oolithes avec passées marneuses, Oolithe miliaire, Oolithe de Jaumont, Oolithe de Doncourt, Oolithe blanche et Grande Oolithe du Bathonien inférieur et Bajocien supérieur",139AM,"3","5","5","2","1",1011307.65925999999,110222070.43999999762,Extraction selon les limites de la région HDF (source: ADMIN EXPRESS de l'IGN / édition janvier 2022)
139AM19,34400,21,3,"Oolithes avec passées marneuses, Oolithe miliaire, Oolithe de Jaumont, Oolithe de Doncourt, Oolithe blanche et Grande Oolithe du Bathonien inférieur et Bajocien supérieur",139AM,"3","5","5","2","1",799965.37433300004,120648711.30499999225,Extraction selon les limites de la région HDF (source: ADMIN EXPRESS de l'IGN / édition janvier 2022)
139AM19,34400,18,3,"Oolithes avec passées marneuses, Oolithe miliaire, Oolithe de Jaumont, Oolithe de Doncourt, Oolithe blanche et Grande Oolithe du Bathonien inférieur et Bajocien supérieur",139AM,"3","5","5","2","1",939959.78113799996,161869305.01600000262,Extraction selon les limites de la région HDF (source: ADMIN EXPRESS de l'IGN / édition janvier 2022)
139AM19,34400,19,3,"Oolithes avec passées marneuses, Oolithe miliaire, Oolithe de Jaumont, Oolithe de Doncourt, Oolithe blanche et Grande Oolithe du Bathonien inférieur et Bajocien supérieur",139AM,"3","5","5","2","1",679773.41041200003,113097537.83799999952,Extraction selon les limites de la région HDF (source: ADMIN EXPRESS de l'IGN / édition janvier 2022)
123BP01,23500,4,3,"Marnes et craie marneuse, sableuse et glauconieuse du Cénomanien, partie profonde au centre du Bassin Parisien (bassin Seine-Normandie et bassin Loire-Bretagne)",123BP,X,"7","1","2","1",168399.74763200001,25791170.55759999901,Extraction selon les limites de la région HDF (source: ADMIN EXPRESS de l'IGN / édition janvier 2022)
113AV01,13100,1,3,Sables de Cuise sous couverture des argiles de Laon de l'Yprésien sup. du Bassin Parisien (bassin Seine-Normandie et sud du bassin Artois-Picardie),113AV,"1","5","1","2","1",4695328.21547999978,966235121.41199994087,Extraction selon les limites de la région HDF (source: ADMIN EXPRESS de l'IGN / édition janvier 2022)
113AV01,13100,2,3,Sables de Cuise sous couverture des argiles de Laon de l'Yprésien sup. du Bassin Parisien (bassin Seine-Normandie et sud du bassin Artois-Picardie),113AV,"1","5","1","2","1",1764155.24205000000,74589492.66159999371,Extraction selon les limites de la région HDF (source: ADMIN EXPRESS de l'IGN / édition janvier 2022)
139AM19,34400,17,3,"Oolithes avec passées marneuses, Oolithe miliaire, Oolithe de Jaumont, Oolithe de Doncourt, Oolithe blanche et Grande Oolithe du Bathonien inférieur et Bajocien supérieur",139AM,"3","5","5","2","1",853679.16273400001,192954288.91899996996,Extraction selon les limites de la région HDF (source: ADMIN EXPRESS de l'IGN / édition janvier 2022)
119AE15,16809,2,3,"Formations résiduelles à silex, couverture Cénozoïque au centre du Bassin Parisien",119AE,X,"6","1","2","1",13319.38022440000,1859417.25659999996,Extraction selon les limites de la région HDF (source: ADMIN EXPRESS de l'IGN / édition janvier 2022)
121AJ01,18800,2,3,Craie du Séno-Turonien du Bassin Parisien du Plateau Picard - bassin versant de l'Oise du confluent de l'Aisne (exclu) au confluent de la Seine (bassin Seine-Normandie),121AJ,"2","5","4","2","1",1772677.28084999998,640776179.75199997425,Extraction selon les limites de la région HDF (source: ADMIN EXPRESS de l'IGN / édition janvier 2022)
139AN99,36900,15,3,"Marnes et calcaires marneux indifférenciés, Marnes de Longwy en Lorraine et Marnes à Liostrea acuminata en Champagne du Bajocien supérieur-Bathonien du Bassin Parisien",139AN,X,"7","1","2","1",4188759.56799999997,1537162846.21000027657,Extraction selon les limites de la région HDF (source: ADMIN EXPRESS de l'IGN / édition janvier 2022)
139AN99,36900,14,3,"Marnes et calcaires marneux indifférenciés, Marnes de Longwy en Lorraine et Marnes à Liostrea acuminata en Champagne du Bajocien supérieur-Bathonien du Bassin Parisien",139AN,X,"7","1","2","1",2833279.35893000010,845350600.88699996471,Extraction selon les limites de la région HDF (source: ADMIN EXPRESS de l'IGN / édition janvier 2022)
119AE17,16810,3,3,Formations résiduelles à silex du nord de la France de faible épaisseur inférieure à 2 m,119AE,X,"6","1","2","1",329312.44975799997,71469002.20270000398,Extraction selon les limites de la région HDF (source: ADMIN EXPRESS de l'IGN / édition janvier 2022)
121AJ30,19000,3,3,Craie marneuse et marnes du Turonien inférieur du Bassin Parisien du Plateau Picard - bassin versant de l'Oise du confluent de l'Aisne (exclu) au confluent de la Seine (bassin Seine-Normandie),121AJ,"2","5","4","2","1",1772677.28084999998,640776179.75199997425,Extraction selon les limites de la région HDF (source: ADMIN EXPRESS de l'IGN / édition janvier 2022)
123BJ01,23500,4,3,"Marnes et craie marneuse, sableuse et glauconieuse du Cénomanien du Bassin Parisien du Plateau Picard - bassin versant de l'Oise du confluent de l'Aisne (exclu) au confluent de la Seine (bassin Seine-Normandie)",123BJ,"3","5","4","2","1",1760916.41318999999,588853156.01800000668,Extraction selon les limites de la région HDF (source: ADMIN EXPRESS de l'IGN / édition janvier 2022)
121AJ01,18800,1,3,Craie du Séno-Turonien du Bassin Parisien du Plateau Picard - bassin versant de l'Oise du confluent de l'Aisne (exclu) au confluent de la Seine (bassin Seine-Normandie),121AJ,"2","5","4","2","1",1723139.63977000001,457977474.65500003099,Extraction selon les limites de la région HDF (source: ADMIN EXPRESS de l'IGN / édition janvier 2022)
121AJ30,19000,2,3,Craie marneuse et marnes du Turonien inférieur du Bassin Parisien du Plateau Picard - bassin versant de l'Oise du confluent de l'Aisne (exclu) au confluent de la Seine (bassin Seine-Normandie),121AJ,"2","5","4","2","1",1725017.87877999991,458059609.06999999285,Extraction selon les limites de la région HDF (source: ADMIN EXPRESS de l'IGN / édition janvier 2022)
123BJ01,23500,3,3,"Marnes et craie marneuse, sableuse et glauconieuse du Cénomanien du Bassin Parisien du Plateau Picard - bassin versant de l'Oise du confluent de l'Aisne (exclu) au confluent de la Seine (bassin Seine-Normandie)",123BJ,"3","5","4","2","1",1692387.55450000009,454960546.96900004148,Extraction selon les limites de la région HDF (source: ADMIN EXPRESS de l'IGN / édition janvier 2022)
143AD99,41440,24,3,Argiles et grès indifférenciés du Keuper (Trias supérieur) à l’ouest et au sud du Bassin Parisien,143AD,"3","5","1","2","1",459288.68341800000,117096073.52500000596,Extraction selon les limites de la région HDF (source: ADMIN EXPRESS de l'IGN / édition janvier 2022)
143AD99,41440,21,3,Argiles et grès indifférenciés du Keuper (Trias supérieur) à l’ouest et au sud du Bassin Parisien,143AD,"3","5","1","2","1",238555.55001199999,104253379.69899998605,Extraction selon les limites de la région HDF (source: ADMIN EXPRESS de l'IGN / édition janvier 2022)
143AD99,41440,22,3,Argiles et grès indifférenciés du Keuper (Trias supérieur) à l’ouest et au sud du Bassin Parisien,143AD,"3","5","1","2","1",312984.64028900000,98915022.31039999425,Extraction selon les limites de la région HDF (source: ADMIN EXPRESS de l'IGN / édition janvier 2022)
143AD99,41440,23,3,Argiles et grès indifférenciés du Keuper (Trias supérieur) à l’ouest et au sud du Bassin Parisien,143AD,"3","5","1","2","1",455411.00976799999,117762045.86499999464,Extraction selon les limites de la région HDF (source: ADMIN EXPRESS de l'IGN / édition janvier 2022)
121AJ01,18800,3,3,Craie du Séno-Turonien du Bassin Parisien du Plateau Picard - bassin versant de l'Oise du confluent de l'Aisne (exclu) au confluent de la Seine (bassin Seine-Normandie),121AJ,"2","5","4","2","1",576751.06483399996,164661392.09999999404,Extraction selon les limites de la région HDF (source: ADMIN EXPRESS de l'IGN / édition janvier 2022)
121AP03,18801,4,3,"Craie du Sénonien au Turonien inférieur, partie sous recouvrement au centre du Bassin Parisien (bassin Seine-Normandie et bassin Loire-Bretagne)",121AP,"1","6","4","2","1",2034734.40937000001,410285719.42400002480,Extraction selon les limites de la région HDF (source: ADMIN EXPRESS de l'IGN / édition janvier 2022)
121AP03,18801,3,3,"Craie du Sénonien au Turonien inférieur, partie sous recouvrement au centre du Bassin Parisien (bassin Seine-Normandie et bassin Loire-Bretagne)",121AP,"1","6","4","2","1",183151.89963299999,26866506.08779999614,Extraction selon les limites de la région HDF (source: ADMIN EXPRESS de l'IGN / édition janvier 2022)
121AP03,18801,7,3,"Craie du Sénonien au Turonien inférieur, partie sous recouvrement au centre du Bassin Parisien (bassin Seine-Normandie et bassin Loire-Bretagne)",121AP,"1","6","4","2","1",810814.11226199998,50560034.25469999760,Extraction selon les limites de la région HDF (source: ADMIN EXPRESS de l'IGN / édition janvier 2022)
121AP03,18801,6,3,"Craie du Sénonien au Turonien inférieur, partie sous recouvrement au centre du Bassin Parisien (bassin Seine-Normandie et bassin Loire-Bretagne)",121AP,"1","6","4","2","1",2234809.99899000023,271881198.09799998999,Extraction selon les limites de la région HDF (source: ADMIN EXPRESS de l'IGN / édition janvier 2022)
121AP03,18801,5,3,"Craie du Sénonien au Turonien inférieur, partie sous recouvrement au centre du Bassin Parisien (bassin Seine-Normandie et bassin Loire-Bretagne)",121AP,"1","6","4","2","1",3642491.61241000006,793235234.84500002861,Extraction selon les limites de la région HDF (source: ADMIN EXPRESS de l'IGN / édition janvier 2022)
143AD99,41440,25,3,Argiles et grès indifférenciés du Keuper (Trias supérieur) à l’ouest et au sud du Bassin Parisien,143AD,"3","5","1","2","1",405054.69924500003,89020798.70209999382,Extraction selon les limites de la région HDF (source: ADMIN EXPRESS de l'IGN / édition janvier 2022)
143AD99,41440,26,3,Argiles et grès indifférenciés du Keuper (Trias supérieur) à l’ouest et au sud du Bassin Parisien,143AD,"3","5","1","2","1",639327.55701800005,123478758.85799999535,Extraction selon les limites de la région HDF (source: ADMIN EXPRESS de l'IGN / édition janvier 2022)
121AJ30,19000,4,3,Craie marneuse et marnes du Turonien inférieur du Bassin Parisien du Plateau Picard - bassin versant de l'Oise du confluent de l'Aisne (exclu) au confluent de la Seine (bassin Seine-Normandie),121AJ,"2","5","4","2","1",576751.06483399996,164661392.09999999404,Extraction selon les limites de la région HDF (source: ADMIN EXPRESS de l'IGN / édition janvier 2022)
123BJ01,23500,5,3,"Marnes et craie marneuse, sableuse et glauconieuse du Cénomanien du Bassin Parisien du Plateau Picard - bassin versant de l'Oise du confluent de l'Aisne (exclu) au confluent de la Seine (bassin Seine-Normandie)",123BJ,"3","5","4","2","1",659832.43344000005,215457258.05500003695,Extraction selon les limites de la région HDF (source: ADMIN EXPRESS de l'IGN / édition janvier 2022)
139AN99,36900,21,3,"Marnes et calcaires marneux indifférenciés, Marnes de Longwy en Lorraine et Marnes à Liostrea acuminata en Champagne du Bajocien supérieur-Bathonien du Bassin Parisien",139AN,X,"7","1","2","1",2610129.30061999988,342390328.78299999237,Extraction selon les limites de la région HDF (source: ADMIN EXPRESS de l'IGN / édition janvier 2022)
139AN99,36900,22,3,"Marnes et calcaires marneux indifférenciés, Marnes de Longwy en Lorraine et Marnes à Liostrea acuminata en Champagne du Bajocien supérieur-Bathonien du Bassin Parisien",139AN,X,"7","1","2","1",1714174.14709000010,308245796.39399999380,Extraction selon les limites de la région HDF (source: ADMIN EXPRESS de l'IGN / édition janvier 2022)
924AE01,2,1,3,Alluvions actuelles à anciennes de l'Oise,924AE,"2","5","1","1","1",432670.78461400000,273674668.72500002384,Extraction selon les limites de la région HDF (source: ADMIN EXPRESS de l'IGN / édition janvier 2022)
121AJ01,18800,4,3,Craie du Séno-Turonien du Bassin Parisien du Plateau Picard - bassin versant de l'Oise du confluent de l'Aisne (exclu) au confluent de la Seine (bassin Seine-Normandie),121AJ,"2","5","4","2","1",168862.66307899999,40745065.14739999920,Extraction selon les limites de la région HDF (source: ADMIN EXPRESS de l'IGN / édition janvier 2022)
121AJ30,19000,5,3,Craie marneuse et marnes du Turonien inférieur du Bassin Parisien du Plateau Picard - bassin versant de l'Oise du confluent de l'Aisne (exclu) au confluent de la Seine (bassin Seine-Normandie),121AJ,"2","5","4","2","1",168862.66307899999,40745065.14739999920,Extraction selon les limites de la région HDF (source: ADMIN EXPRESS de l'IGN / édition janvier 2022)
123BJ01,23500,6,3,"Marnes et craie marneuse, sableuse et glauconieuse du Cénomanien du Bassin Parisien du Plateau Picard - bassin versant de l'Oise du confluent de l'Aisne (exclu) au confluent de la Seine (bassin Seine-Normandie)",123BJ,"3","5","4","2","1",182318.32291600000,42922692.79550000280,Extraction selon les limites de la région HDF (source: ADMIN EXPRESS de l'IGN / édition janvier 2022)
123BK01,23500,3,3,"Marnes et craie marneuse, sableuse et glauconieuse du Cénomanien du Bassin Parisien du Noyonnais - bassins versants de l'Aronde, du Matz et de la Divette (bassin Seine-Normandie)",123BK,"3","5","4","2","1",189031.42264400001,121346113.82299999893,Extraction selon les limites de la région HDF (source: ADMIN EXPRESS de l'IGN / édition janvier 2022)
123BK01,23500,5,3,"Marnes et craie marneuse, sableuse et glauconieuse du Cénomanien du Bassin Parisien du Noyonnais - bassins versants de l'Aronde, du Matz et de la Divette (bassin Seine-Normandie)",123BK,"3","5","4","2","1",348878.39954600000,108409169.11200000346,Extraction selon les limites de la région HDF (source: ADMIN EXPRESS de l'IGN / édition janvier 2022)
123BK01,23500,4,3,"Marnes et craie marneuse, sableuse et glauconieuse du Cénomanien du Bassin Parisien du Noyonnais - bassins versants de l'Aronde, du Matz et de la Divette (bassin Seine-Normandie)",123BK,"3","5","4","2","1",300184.61340600002,102732843.43999999762,Extraction selon les limites de la région HDF (source: ADMIN EXPRESS de l'IGN / édition janvier 2022)
121AK30,19000,3,3,"Craie marneuse et marnes du Turonien inférieur du Bassin Parisien du Noyonnais - bassins versants de l'Aronde, du Matz et de la Divette (bassin Seine-Normandie)",121AK,"2","5","4","2","1",339321.92743799998,90225476.50489999354,Extraction selon les limites de la région HDF (source: ADMIN EXPRESS de l'IGN / édition janvier 2022)
121AK30,19000,2,3,"Craie marneuse et marnes du Turonien inférieur du Bassin Parisien du Noyonnais - bassins versants de l'Aronde, du Matz et de la Divette (bassin Seine-Normandie)",121AK,"2","5","4","2","1",345828.04265000002,192877374.56200000644,Extraction selon les limites de la région HDF (source: ADMIN EXPRESS de l'IGN / édition janvier 2022)
121AK01,18800,2,3,"Craie du Séno-Turonien du Bassin Parisien du Noyonnais - bassins versants de l'Aronde, du Matz et de la Divette (bassin Seine-Normandie)",121AK,"2","5","4","2","1",197208.47049300000,52401341.83370000124,Extraction selon les limites de la région HDF (source: ADMIN EXPRESS de l'IGN / édition janvier 2022)
121AK01,18800,1,3,"Craie du Séno-Turonien du Bassin Parisien du Noyonnais - bassins versants de l'Aronde, du Matz et de la Divette (bassin Seine-Normandie)",121AK,"2","5","4","2","1",345891.26790099998,192880066.07199996710,Extraction selon les limites de la région HDF (source: ADMIN EXPRESS de l'IGN / édition janvier 2022)
139AN99,36900,16,3,"Marnes et calcaires marneux indifférenciés, Marnes de Longwy en Lorraine et Marnes à Liostrea acuminata en Champagne du Bajocien supérieur-Bathonien du Bassin Parisien",139AN,X,"7","1","2","1",3654602.54020999977,1264596664.64000010490,Extraction selon les limites de la région HDF (source: ADMIN EXPRESS de l'IGN / édition janvier 2022)
123CB01,23500,5,3,"Marnes et craie marneuse, sableuse et glauconieuse du Cénomanien du bassin versant de la Somme (bassin Artois-Picardie)",123CB,"3","5","4","2","1",8041937.73314000014,3043099339.61999988556,Extraction selon les limites de la région HDF (source: ADMIN EXPRESS de l'IGN / édition janvier 2022)
121BB01,18800,2,3,Craie du Séno-Turonien du bassin versant de la Somme (bassin Artois-Picardie),121BB,"2","5","4","2","1",8243915.52799000032,3266723944.13000011444,Extraction selon les limites de la région HDF (source: ADMIN EXPRESS de l'IGN / édition janvier 2022)
121BA01,20000,4,3,Marnes bleues (dièves bleues) du Turonien moyen et marnes vertes (dièves vertes) du Turonien inférieur dans le bassin Artois-Picardie et le nord du bassin Seine-Normandie,121BA,X,"7","1","2","1",22328252.84959999844,8438666863.14000034332,Extraction selon les limites de la région HDF (source: ADMIN EXPRESS de l'IGN / édition janvier 2022)
121BA01,20000,3,3,Marnes bleues (dièves bleues) du Turonien moyen et marnes vertes (dièves vertes) du Turonien inférieur dans le bassin Artois-Picardie et le nord du bassin Seine-Normandie,121BA,X,"7","1","2","1",22997575.95569999889,6721931334.19999885559,Extraction selon les limites de la région HDF (source: ADMIN EXPRESS de l'IGN / édition janvier 2022)
121BB30,19000,3,3,Craie marneuse du Turonien du bassin versant de la Somme (bassin Artois-Picardie),121BB,"2","6","4","2","1",8243915.52799000032,3266723944.13000011444,Extraction selon les limites de la région HDF (source: ADMIN EXPRESS de l'IGN / édition janvier 2022)
123CB01,23500,6,3,"Marnes et craie marneuse, sableuse et glauconieuse du Cénomanien du bassin versant de la Somme (bassin Artois-Picardie)",123CB,"3","5","4","2","1",853373.84454199998,348129765.62099999189,Extraction selon les limites de la région HDF (source: ADMIN EXPRESS de l'IGN / édition janvier 2022)
123CB01,23500,4,3,"Marnes et craie marneuse, sableuse et glauconieuse du Cénomanien du bassin versant de la Somme (bassin Artois-Picardie)",123CB,"3","5","4","2","1",8275576.58947000094,3151318066.08000040054,Extraction selon les limites de la région HDF (source: ADMIN EXPRESS de l'IGN / édition janvier 2022)
123CB01,23500,3,3,"Marnes et craie marneuse, sableuse et glauconieuse du Cénomanien du bassin versant de la Somme (bassin Artois-Picardie)",123CB,"3","5","4","2","1",231347.08953299999,110897058.61099998653,Extraction selon les limites de la région HDF (source: ADMIN EXPRESS de l'IGN / édition janvier 2022)
121BB01,18800,3,3,Craie du Séno-Turonien du bassin versant de la Somme (bassin Artois-Picardie),121BB,"2","5","4","2","1",853373.84454199998,348129765.62099999189,Extraction selon les limites de la région HDF (source: ADMIN EXPRESS de l'IGN / édition janvier 2022)
121BB01,18800,1,3,Craie du Séno-Turonien du bassin versant de la Somme (bassin Artois-Picardie),121BB,"2","5","4","2","1",8133043.27505999990,3035095588.06999969482,Extraction selon les limites de la région HDF (source: ADMIN EXPRESS de l'IGN / édition janvier 2022)
121BA01,20000,5,3,Marnes bleues (dièves bleues) du Turonien moyen et marnes vertes (dièves vertes) du Turonien inférieur dans le bassin Artois-Picardie et le nord du bassin Seine-Normandie,121BA,X,"7","1","2","1",6962073.72927999962,2667642763.67999982834,Extraction selon les limites de la région HDF (source: ADMIN EXPRESS de l'IGN / édition janvier 2022)
121BB30,19000,4,3,Craie marneuse du Turonien du bassin versant de la Somme (bassin Artois-Picardie),121BB,"2","6","4","2","1",853373.84454199998,348129765.62099999189,Extraction selon les limites de la région HDF (source: ADMIN EXPRESS de l'IGN / édition janvier 2022)
121BB30,19000,2,3,Craie marneuse du Turonien du bassin versant de la Somme (bassin Artois-Picardie),121BB,"2","6","4","2","1",8148435.68431000039,3036102950.75000047684,Extraction selon les limites de la région HDF (source: ADMIN EXPRESS de l'IGN / édition janvier 2022)
